{
  "images": [
    {
      "id": "mills-star-foundation/gallery/i5y5yptpw0z18u5qaiv0",
      "url": "https://res.cloudinary.com/ddey2siz7/image/upload/v1761472478/mills-star-foundation/gallery/i5y5yptpw0z18u5qaiv0.png",
      "alt": "Image",
      "uploadedAt": "2025-10-26T18:07:28.839Z"
    },
    {
      "id": "mills-star-foundation/gallery/gc99dbfuiwynq8ujkuzb",
      "url": "https://res.cloudinary.com/ddey2siz7/image/upload/v1761472480/mills-star-foundation/gallery/gc99dbfuiwynq8ujkuzb.png",
      "alt": "Image",
      "uploadedAt": "2025-10-26T18:07:28.839Z"
    },
    {
      "id": "mills-star-foundation/gallery/ha8lkdkijijl6cvevjiv",
      "url": "https://res.cloudinary.com/ddey2siz7/image/upload/v1761472481/mills-star-foundation/gallery/ha8lkdkijijl6cvevjiv.png",
      "alt": "Image",
      "uploadedAt": "2025-10-26T18:07:28.839Z"
    },
    {
      "id": "mills-star-foundation/gallery/sawsqvvqu0c9wvqzqz8s",
      "url": "https://res.cloudinary.com/ddey2siz7/image/upload/v1761472483/mills-star-foundation/gallery/sawsqvvqu0c9wvqzqz8s.png",
      "alt": "Image",
      "uploadedAt": "2025-10-26T18:07:28.839Z"
    },
    {
      "id": "mills-star-foundation/gallery/m20yychozquiw8ofixhs",
      "url": "https://res.cloudinary.com/ddey2siz7/image/upload/v1761472484/mills-star-foundation/gallery/m20yychozquiw8ofixhs.png",
      "alt": "Image",
      "uploadedAt": "2025-10-26T18:07:28.839Z"
    },
    {
      "id": "mills-star-foundation/gallery/c6xx5azfe9ifjcgkc2dx",
      "url": "https://res.cloudinary.com/ddey2siz7/image/upload/v1761472486/mills-star-foundation/gallery/c6xx5azfe9ifjcgkc2dx.png",
      "alt": "Image",
      "uploadedAt": "2025-10-26T18:07:28.839Z"
    },
    {
      "id": "mills-star-foundation/gallery/dotaaf8bai2oiqqijy4s",
      "url": "https://res.cloudinary.com/ddey2siz7/image/upload/v1761472487/mills-star-foundation/gallery/dotaaf8bai2oiqqijy4s.png",
      "alt": "Image",
      "uploadedAt": "2025-10-26T18:07:28.839Z"
    },
    {
      "id": "mills-star-foundation/gallery/kvtwdlw59ksasncmaomx",
      "url": "https://res.cloudinary.com/ddey2siz7/image/upload/v1761472488/mills-star-foundation/gallery/kvtwdlw59ksasncmaomx.png",
      "alt": "Image",
      "uploadedAt": "2025-10-26T18:07:28.839Z"
    },
    {
      "id": "mills-star-foundation/gallery/qr9tzoseeiy7i5frdwa6",
      "url": "https://res.cloudinary.com/ddey2siz7/image/upload/v1761472491/mills-star-foundation/gallery/qr9tzoseeiy7i5frdwa6.png",
      "alt": "Image",
      "uploadedAt": "2025-10-26T18:07:28.839Z"
    },
    {
      "id": "mills-star-foundation/gallery/xco887yjry04fqdeuyyz",
      "url": "https://res.cloudinary.com/ddey2siz7/image/upload/v1761472495/mills-star-foundation/gallery/xco887yjry04fqdeuyyz.png",
      "alt": "Image",
      "uploadedAt": "2025-10-26T18:07:28.839Z"
    },
    {
      "id": "mills-star-foundation/gallery/lz8jkisejp9xmm5arasc",
      "url": "https://res.cloudinary.com/ddey2siz7/image/upload/v1761472497/mills-star-foundation/gallery/lz8jkisejp9xmm5arasc.png",
      "alt": "Image",
      "uploadedAt": "2025-10-26T18:07:28.839Z"
    },
    {
      "id": "mills-star-foundation/gallery/gfredygou3duqw5kbrti",
      "url": "https://res.cloudinary.com/ddey2siz7/image/upload/v1761472498/mills-star-foundation/gallery/gfredygou3duqw5kbrti.png",
      "alt": "Image",
      "uploadedAt": "2025-10-26T18:07:28.839Z"
    },
    {
      "id": "mills-star-foundation/gallery/v1molccnhkjcvet7kxs5",
      "url": "https://res.cloudinary.com/ddey2siz7/image/upload/v1761472500/mills-star-foundation/gallery/v1molccnhkjcvet7kxs5.png",
      "alt": "Image",
      "uploadedAt": "2025-10-26T18:07:28.839Z"
    },
    {
      "id": "mills-star-foundation/gallery/qci8jko4zlhsijv5omvo",
      "url": "https://res.cloudinary.com/ddey2siz7/image/upload/v1761472502/mills-star-foundation/gallery/qci8jko4zlhsijv5omvo.png",
      "alt": "Image",
      "uploadedAt": "2025-10-26T18:07:28.839Z"
    },
    {
      "id": "mills-star-foundation/gallery/syli9fftw3qbnfavnyqk",
      "url": "https://res.cloudinary.com/ddey2siz7/image/upload/v1761472504/mills-star-foundation/gallery/syli9fftw3qbnfavnyqk.png",
      "alt": "Image",
      "uploadedAt": "2025-10-26T18:07:28.839Z"
    },
    {
      "id": "mills-star-foundation/gallery/ofasghzuf8ji1jdyrqrb",
      "url": "https://res.cloudinary.com/ddey2siz7/image/upload/v1761472505/mills-star-foundation/gallery/ofasghzuf8ji1jdyrqrb.png",
      "alt": "Image",
      "uploadedAt": "2025-10-26T18:07:28.839Z"
    },
    {
      "id": "mills-star-foundation/gallery/pww21avef42gitwuncva",
      "url": "https://res.cloudinary.com/ddey2siz7/image/upload/v1761472507/mills-star-foundation/gallery/pww21avef42gitwuncva.png",
      "alt": "Image",
      "uploadedAt": "2025-10-26T18:07:28.839Z"
    },
    {
      "id": "mills-star-foundation/gallery/stlcnh74yyknpdtqvk5x",
      "url": "https://res.cloudinary.com/ddey2siz7/image/upload/v1761472509/mills-star-foundation/gallery/stlcnh74yyknpdtqvk5x.png",
      "alt": "Image",
      "uploadedAt": "2025-10-26T18:07:28.839Z"
    },
    {
      "id": "mills-star-foundation/gallery/fivxboop4a7n63mjs6rq",
      "url": "https://res.cloudinary.com/ddey2siz7/image/upload/v1761472510/mills-star-foundation/gallery/fivxboop4a7n63mjs6rq.png",
      "alt": "Image",
      "uploadedAt": "2025-10-26T18:07:28.839Z"
    },
    {
      "id": "mills-star-foundation/gallery/jgrwl6dwd0esyz3k6vni",
      "url": "https://res.cloudinary.com/ddey2siz7/image/upload/v1761472512/mills-star-foundation/gallery/jgrwl6dwd0esyz3k6vni.png",
      "alt": "Image",
      "uploadedAt": "2025-10-26T18:07:28.839Z"
    },
    {
      "id": "mills-star-foundation/gallery/kwjqhapmhlejqh98y3xm",
      "url": "https://res.cloudinary.com/ddey2siz7/image/upload/v1761472514/mills-star-foundation/gallery/kwjqhapmhlejqh98y3xm.png",
      "alt": "Image",
      "uploadedAt": "2025-10-26T18:07:28.839Z"
    },
    {
      "id": "mills-star-foundation/gallery/adjldv37cn5fggbzzini",
      "url": "https://res.cloudinary.com/ddey2siz7/image/upload/v1761472517/mills-star-foundation/gallery/adjldv37cn5fggbzzini.png",
      "alt": "Image",
      "uploadedAt": "2025-10-26T18:07:28.839Z"
    },
    {
      "id": "mills-star-foundation/gallery/ndom7sp4trfbwjsnqjzw",
      "url": "https://res.cloudinary.com/ddey2siz7/image/upload/v1761472519/mills-star-foundation/gallery/ndom7sp4trfbwjsnqjzw.png",
      "alt": "Image",
      "uploadedAt": "2025-10-26T18:07:28.839Z"
    },
    {
      "id": "mills-star-foundation/gallery/y1wfmw1ddfdvfji9udka",
      "url": "https://res.cloudinary.com/ddey2siz7/image/upload/v1761472520/mills-star-foundation/gallery/y1wfmw1ddfdvfji9udka.png",
      "alt": "Image",
      "uploadedAt": "2025-10-26T18:07:28.839Z"
    },
    {
      "id": "mills-star-foundation/gallery/lq2hqmbqgpes3aoqhgni",
      "url": "https://res.cloudinary.com/ddey2siz7/image/upload/v1761472522/mills-star-foundation/gallery/lq2hqmbqgpes3aoqhgni.png",
      "alt": "Image",
      "uploadedAt": "2025-10-26T18:07:28.839Z"
    },
    {
      "id": "mills-star-foundation/gallery/tfbq3hl9o71uvv3udo5s",
      "url": "https://res.cloudinary.com/ddey2siz7/image/upload/v1761472523/mills-star-foundation/gallery/tfbq3hl9o71uvv3udo5s.png",
      "alt": "Image",
      "uploadedAt": "2025-10-26T18:07:28.839Z"
    },
    {
      "id": "mills-star-foundation/gallery/j4tdwytlft2msfzt855v",
      "url": "https://res.cloudinary.com/ddey2siz7/image/upload/v1761472526/mills-star-foundation/gallery/j4tdwytlft2msfzt855v.png",
      "alt": "Image",
      "uploadedAt": "2025-10-26T18:07:28.839Z"
    },
    {
      "id": "mills-star-foundation/gallery/pltej7vvefmvhwvyqfsr",
      "url": "https://res.cloudinary.com/ddey2siz7/image/upload/v1761472528/mills-star-foundation/gallery/pltej7vvefmvhwvyqfsr.png",
      "alt": "Image",
      "uploadedAt": "2025-10-26T18:07:28.839Z"
    },
    {
      "id": "mills-star-foundation/gallery/uj2irqhble2x4pmnb5yn",
      "url": "https://res.cloudinary.com/ddey2siz7/image/upload/v1761472530/mills-star-foundation/gallery/uj2irqhble2x4pmnb5yn.png",
      "alt": "Image",
      "uploadedAt": "2025-10-26T18:07:28.839Z"
    },
    {
      "id": "mills-star-foundation/gallery/yr7jteauiu1vufneikbi",
      "url": "https://res.cloudinary.com/ddey2siz7/image/upload/v1761472531/mills-star-foundation/gallery/yr7jteauiu1vufneikbi.png",
      "alt": "Image",
      "uploadedAt": "2025-10-26T18:07:28.839Z"
    },
    {
      "id": "mills-star-foundation/gallery/cz5gmpyobjdg5cycoc71",
      "url": "https://res.cloudinary.com/ddey2siz7/image/upload/v1761472533/mills-star-foundation/gallery/cz5gmpyobjdg5cycoc71.png",
      "alt": "Image",
      "uploadedAt": "2025-10-26T18:07:28.839Z"
    },
    {
      "id": "mills-star-foundation/gallery/e7fcaazz5a80kowkmr5m",
      "url": "https://res.cloudinary.com/ddey2siz7/image/upload/v1761472535/mills-star-foundation/gallery/e7fcaazz5a80kowkmr5m.png",
      "alt": "Image",
      "uploadedAt": "2025-10-26T18:07:28.839Z"
    },
    {
      "id": "mills-star-foundation/gallery/fevxwuvun27uwnad4hiz",
      "url": "https://res.cloudinary.com/ddey2siz7/image/upload/v1761472537/mills-star-foundation/gallery/fevxwuvun27uwnad4hiz.png",
      "alt": "Image",
      "uploadedAt": "2025-10-26T18:07:28.839Z"
    },
    {
      "id": "mills-star-foundation/gallery/hgazqtorwbzcn6hppqmt",
      "url": "https://res.cloudinary.com/ddey2siz7/image/upload/v1761472538/mills-star-foundation/gallery/hgazqtorwbzcn6hppqmt.png",
      "alt": "Image",
      "uploadedAt": "2025-10-26T18:07:28.839Z"
    },
    {
      "id": "mills-star-foundation/gallery/whkrdmuzcaeclvceft69",
      "url": "https://res.cloudinary.com/ddey2siz7/image/upload/v1761472540/mills-star-foundation/gallery/whkrdmuzcaeclvceft69.png",
      "alt": "Image",
      "uploadedAt": "2025-10-26T18:07:28.839Z"
    },
    {
      "id": "mills-star-foundation/gallery/snrg4qo7bejwpk39wufd",
      "url": "https://res.cloudinary.com/ddey2siz7/image/upload/v1761472541/mills-star-foundation/gallery/snrg4qo7bejwpk39wufd.png",
      "alt": "Image",
      "uploadedAt": "2025-10-26T18:07:28.839Z"
    },
    {
      "id": "mills-star-foundation/gallery/caouxzaih517pudxlioe",
      "url": "https://res.cloudinary.com/ddey2siz7/image/upload/v1761472543/mills-star-foundation/gallery/caouxzaih517pudxlioe.png",
      "alt": "Image",
      "uploadedAt": "2025-10-26T18:07:28.839Z"
    },
    {
      "id": "mills-star-foundation/gallery/o2psuqz7workrfpsvlqa",
      "url": "https://res.cloudinary.com/ddey2siz7/image/upload/v1761472545/mills-star-foundation/gallery/o2psuqz7workrfpsvlqa.png",
      "alt": "Image",
      "uploadedAt": "2025-10-26T18:07:28.839Z"
    },
    {
      "id": "mills-star-foundation/gallery/vauemxmrqfcqpig2i4k3",
      "url": "https://res.cloudinary.com/ddey2siz7/image/upload/v1761472546/mills-star-foundation/gallery/vauemxmrqfcqpig2i4k3.png",
      "alt": "Image",
      "uploadedAt": "2025-10-26T18:07:28.839Z"
    },
    {
      "id": "mills-star-foundation/gallery/eawqjirano8qyov6lj0r",
      "url": "https://res.cloudinary.com/ddey2siz7/image/upload/v1761472548/mills-star-foundation/gallery/eawqjirano8qyov6lj0r.png",
      "alt": "Image",
      "uploadedAt": "2025-10-26T18:07:28.839Z"
    },
    {
      "id": "mills-star-foundation/gallery/rid8uunr66areldducsd",
      "url": "https://res.cloudinary.com/ddey2siz7/image/upload/v1761472550/mills-star-foundation/gallery/rid8uunr66areldducsd.png",
      "alt": "Image",
      "uploadedAt": "2025-10-26T18:07:28.839Z"
    },
    {
      "id": "mills-star-foundation/gallery/cat09mfbtrpdyyr1e5jt",
      "url": "https://res.cloudinary.com/ddey2siz7/image/upload/v1761472552/mills-star-foundation/gallery/cat09mfbtrpdyyr1e5jt.png",
      "alt": "Image",
      "uploadedAt": "2025-10-26T18:07:28.839Z"
    },
    {
      "id": "mills-star-foundation/gallery/su3d7dlz2sggexqzgieg",
      "url": "https://res.cloudinary.com/ddey2siz7/image/upload/v1761472553/mills-star-foundation/gallery/su3d7dlz2sggexqzgieg.png",
      "alt": "Image",
      "uploadedAt": "2025-10-26T18:07:28.839Z"
    },
    {
      "id": "mills-star-foundation/gallery/ssloutdttwc71cd278je",
      "url": "https://res.cloudinary.com/ddey2siz7/image/upload/v1761472555/mills-star-foundation/gallery/ssloutdttwc71cd278je.png",
      "alt": "Image",
      "uploadedAt": "2025-10-26T18:07:28.839Z"
    },
    {
      "id": "mills-star-foundation/gallery/ymjrw61xolam3gs7woeu",
      "url": "https://res.cloudinary.com/ddey2siz7/image/upload/v1761472625/mills-star-foundation/gallery/ymjrw61xolam3gs7woeu.jpg",
      "alt": "Image",
      "uploadedAt": "2025-10-26T18:07:28.839Z"
    },
    {
      "id": "mills-star-foundation/gallery/wl8xq5oztslufxsixus3",
      "url": "https://res.cloudinary.com/ddey2siz7/image/upload/v1761472625/mills-star-foundation/gallery/wl8xq5oztslufxsixus3.jpg",
      "alt": "Image",
      "uploadedAt": "2025-10-26T18:07:28.839Z"
    },
    {
      "id": "mills-star-foundation/gallery/i1ppj2iapfjoykwpv827",
      "url": "https://res.cloudinary.com/ddey2siz7/image/upload/v1761472626/mills-star-foundation/gallery/i1ppj2iapfjoykwpv827.jpg",
      "alt": "Image",
      "uploadedAt": "2025-10-26T18:07:28.839Z"
    },
    {
      "id": "mills-star-foundation/gallery/ptdznbujmx30tkzpnki7",
      "url": "https://res.cloudinary.com/ddey2siz7/image/upload/v1761472627/mills-star-foundation/gallery/ptdznbujmx30tkzpnki7.jpg",
      "alt": "Image",
      "uploadedAt": "2025-10-26T18:07:28.839Z"
    },
    {
      "id": "mills-star-foundation/gallery/y9hoifrqfqcqtnp4erbv",
      "url": "https://res.cloudinary.com/ddey2siz7/image/upload/v1761472707/mills-star-foundation/gallery/y9hoifrqfqcqtnp4erbv.png",
      "alt": "Image",
      "uploadedAt": "2025-10-26T18:07:28.839Z"
    },
    {
      "id": "local-gallery-wb-recent",
      "url": "/hero-slides/wheelchair-basketball-recent.jpg",
      "alt": "Wheelchair Basketball Recent",
      "category": "sports",
      "uploadedAt": "2025-12-13T00:00:00.000Z"
    },
    {
      "id": "local-gallery-wb-recent-2",
      "url": "/hero-slides/wheelchair-basketball-recent-2.jpg",
      "alt": "Wheelchair Basketball Recent 2",
      "category": "sports",
      "uploadedAt": "2025-12-13T00:00:00.000Z"
    },
    {
      "id": "local-gallery-whatsapp-2025-12-13-18-29-28",
      "url": "/gallery/whatsapp-2025-12-13-18-29-28.jpg",
      "alt": "WhatsApp Image 2025-12-13 18:29:28",
      "category": "gallery",
      "uploadedAt": "2025-12-13T00:00:00.000Z"
    },
    {
      "id": "local-gallery-whatsapp-2025-12-13-18-29-29-1",
      "url": "/gallery/whatsapp-2025-12-13-18-29-29-1.jpg",
      "alt": "WhatsApp Image 2025-12-13 18:29:29 (1)",
      "category": "gallery",
      "uploadedAt": "2025-12-13T00:00:00.000Z"
    },
    {
      "id": "local-gallery-whatsapp-2025-12-13-18-29-29-2",
      "url": "/gallery/whatsapp-2025-12-13-18-29-29-2.jpg",
      "alt": "WhatsApp Image 2025-12-13 18:29:29 (2)",
      "category": "gallery",
      "uploadedAt": "2025-12-13T00:00:00.000Z"
    },
    {
      "id": "local-gallery-whatsapp-2025-12-13-18-29-29",
      "url": "/gallery/whatsapp-2025-12-13-18-29-29.jpg",
      "alt": "WhatsApp Image 2025-12-13 18:29:29",
      "category": "gallery",
      "uploadedAt": "2025-12-13T00:00:00.000Z"
    },
    {
      "id": "local-gallery-whatsapp-2025-12-13-18-29-30-1",
      "url": "/gallery/whatsapp-2025-12-13-18-29-30-1.jpg",
      "alt": "WhatsApp Image 2025-12-13 18:29:30 (1)",
      "category": "gallery",
      "uploadedAt": "2025-12-13T00:00:00.000Z"
    },
    {
      "id": "local-gallery-whatsapp-2025-12-13-18-29-30-2",
      "url": "/gallery/whatsapp-2025-12-13-18-29-30-2.jpg",
      "alt": "WhatsApp Image 2025-12-13 18:29:30 (2)",
      "category": "gallery",
      "uploadedAt": "2025-12-13T00:00:00.000Z"
    },
    {
      "id": "local-gallery-whatsapp-2025-12-13-18-29-30",
      "url": "/gallery/whatsapp-2025-12-13-18-29-30.jpg",
      "alt": "WhatsApp Image 2025-12-13 18:29:30",
      "category": "gallery",
      "uploadedAt": "2025-12-13T00:00:00.000Z"
    },
    {
      "id": "local-gallery-whatsapp-2025-12-13-18-29-31",
      "url": "/gallery/whatsapp-2025-12-13-18-29-31.jpg",
      "alt": "WhatsApp Image 2025-12-13 18:29:31",
      "category": "gallery",
      "uploadedAt": "2025-12-13T00:00:00.000Z"
    },
    {
      "id": "local-gallery-whatsapp-2025-12-13-18-29-32",
      "url": "/gallery/whatsapp-2025-12-13-18-29-32.jpg",
      "alt": "WhatsApp Image 2025-12-13 18:29:32",
      "category": "gallery",
      "uploadedAt": "2025-12-13T00:00:00.000Z"
    },
    {
      "id": "local-gallery-whatsapp-2025-12-13-18-29-34-1",
      "url": "/gallery/whatsapp-2025-12-13-18-29-34-1.jpg",
      "alt": "WhatsApp Image 2025-12-13 18:29:34 (1)",
      "category": "gallery",
      "uploadedAt": "2025-12-13T00:00:00.000Z"
    },
    {
      "id": "local-gallery-whatsapp-2025-12-13-18-29-35",
      "url": "/gallery/whatsapp-2025-12-13-18-29-35.jpg",
      "alt": "WhatsApp Image 2025-12-13 18:29:35",
      "category": "gallery",
      "uploadedAt": "2025-12-13T00:00:00.000Z"
    },
    {
      "id": "local-gallery-whatsapp-2025-12-13-18-29-37-1",
      "url": "/gallery/whatsapp-2025-12-13-18-29-37-1.jpg",
      "alt": "WhatsApp Image 2025-12-13 18:29:37 (1)",
      "category": "gallery",
      "uploadedAt": "2025-12-13T00:00:00.000Z"
    },
    {
      "id": "local-gallery-whatsapp-2025-12-13-18-29-37",
      "url": "/gallery/whatsapp-2025-12-13-18-29-37.jpg",
      "alt": "WhatsApp Image 2025-12-13 18:29:37",
      "category": "gallery",
      "uploadedAt": "2025-12-13T00:00:00.000Z"
    },
    {
      "id": "local-gallery-whatsapp-2025-12-13-17-25-25",
      "url": "/gallery/whatsapp-2025-12-13-17-25-25.jpg",
      "alt": "WhatsApp Image 2025-12-13 17:25:25",
      "category": "gallery",
      "uploadedAt": "2025-12-13T00:00:00.000Z"
    },
    {
      "id": "local-gallery-whatsapp-2025-12-13-17-25-26",
      "url": "/gallery/whatsapp-2025-12-13-17-25-26.jpg",
      "alt": "WhatsApp Image 2025-12-13 17:25:26",
      "category": "gallery",
      "uploadedAt": "2025-12-13T00:00:00.000Z"
    },
    {
      "id": "local-gallery-whatsapp-2025-12-13-17-25-27",
      "url": "/gallery/whatsapp-2025-12-13-17-25-27.jpg",
      "alt": "WhatsApp Image 2025-12-13 17:25:27",
      "category": "gallery",
      "uploadedAt": "2025-12-13T00:00:00.000Z"
    },
    {
      "id": "local-gallery-whatsapp-2025-12-13-17-25-28",
      "url": "/gallery/whatsapp-2025-12-13-17-25-28.jpg",
      "alt": "WhatsApp Image 2025-12-13 17:25:28",
      "category": "gallery",
      "uploadedAt": "2025-12-13T00:00:00.000Z"
    },
    {
      "id": "local-gallery-whatsapp-2025-12-13-17-25-32-1",
      "url": "/gallery/whatsapp-2025-12-13-17-25-32-1.jpg",
      "alt": "WhatsApp Image 2025-12-13 17:25:32 (1)",
      "category": "gallery",
      "uploadedAt": "2025-12-13T00:00:00.000Z"
    },
    {
      "id": "local-gallery-whatsapp-2025-12-13-17-25-32",
      "url": "/gallery/whatsapp-2025-12-13-17-25-32.jpg",
      "alt": "WhatsApp Image 2025-12-13 17:25:32",
      "category": "gallery",
      "uploadedAt": "2025-12-13T00:00:00.000Z"
    },
    {
      "id": "local-gallery-whatsapp-2025-12-13-17-25-33-1",
      "url": "/gallery/whatsapp-2025-12-13-17-25-33-1.jpg",
      "alt": "WhatsApp Image 2025-12-13 17:25:33 (1)",
      "category": "gallery",
      "uploadedAt": "2025-12-13T00:00:00.000Z"
    },
    {
      "id": "local-gallery-whatsapp-2025-12-13-17-25-33",
      "url": "/gallery/whatsapp-2025-12-13-17-25-33.jpg",
      "alt": "WhatsApp Image 2025-12-13 17:25:33",
      "category": "gallery",
      "uploadedAt": "2025-12-13T00:00:00.000Z"
    },
    {
      "id": "local-gallery-whatsapp-2025-12-13-17-25-34-1",
      "url": "/gallery/whatsapp-2025-12-13-17-25-34-1.jpg",
      "alt": "WhatsApp Image 2025-12-13 17:25:34 (1)",
      "category": "gallery",
      "uploadedAt": "2025-12-13T00:00:00.000Z"
    },
    {
      "id": "local-gallery-whatsapp-2025-12-13-17-25-34",
      "url": "/gallery/whatsapp-2025-12-13-17-25-34.jpg",
      "alt": "WhatsApp Image 2025-12-13 17:25:34",
      "category": "gallery",
      "uploadedAt": "2025-12-13T00:00:00.000Z"
    },
    {
      "id": "local-gallery-whatsapp-2025-12-13-17-25-35-1",
      "url": "/gallery/whatsapp-2025-12-13-17-25-35-1.jpg",
      "alt": "WhatsApp Image 2025-12-13 17:25:35 (1)",
      "category": "gallery",
      "uploadedAt": "2025-12-13T00:00:00.000Z"
    },
    {
      "id": "local-gallery-whatsapp-2025-12-13-17-25-35",
      "url": "/gallery/whatsapp-2025-12-13-17-25-35.jpg",
      "alt": "WhatsApp Image 2025-12-13 17:25:35",
      "category": "gallery",
      "uploadedAt": "2025-12-13T00:00:00.000Z"
    },
    {
      "id": "local-gallery-whatsapp-2025-12-13-17-25-36-1",
      "url": "/gallery/whatsapp-2025-12-13-17-25-36-1.jpg",
      "alt": "WhatsApp Image 2025-12-13 17:25:36 (1)",
      "category": "gallery",
      "uploadedAt": "2025-12-13T00:00:00.000Z"
    },
    {
      "id": "local-gallery-whatsapp-2025-12-13-17-25-36-2",
      "url": "/gallery/whatsapp-2025-12-13-17-25-36-2.jpg",
      "alt": "WhatsApp Image 2025-12-13 17:25:36 (2)",
      "category": "gallery",
      "uploadedAt": "2025-12-13T00:00:00.000Z"
    },
    {
      "id": "local-gallery-whatsapp-2025-12-13-17-25-36",
      "url": "/gallery/whatsapp-2025-12-13-17-25-36.jpg",
      "alt": "WhatsApp Image 2025-12-13 17:25:36",
      "category": "gallery",
      "uploadedAt": "2025-12-13T00:00:00.000Z"
    },
    {
      "id": "local-gallery-whatsapp-2025-12-13-17-25-38-1",
      "url": "/gallery/whatsapp-2025-12-13-17-25-38-1.jpg",
      "alt": "WhatsApp Image 2025-12-13 17:25:38 (1)",
      "category": "gallery",
      "uploadedAt": "2025-12-13T00:00:00.000Z"
    },
    {
      "id": "local-gallery-whatsapp-2025-12-13-17-25-38",
      "url": "/gallery/whatsapp-2025-12-13-17-25-38.jpg",
      "alt": "WhatsApp Image 2025-12-13 17:25:38",
      "category": "gallery",
      "uploadedAt": "2025-12-13T00:00:00.000Z"
    },
    {
      "id": "local-gallery-whatsapp-2025-12-13-17-25-39-1",
      "url": "/gallery/whatsapp-2025-12-13-17-25-39-1.jpg",
      "alt": "WhatsApp Image 2025-12-13 17:25:39 (1)",
      "category": "gallery",
      "uploadedAt": "2025-12-13T00:00:00.000Z"
    },
    {
      "id": "local-gallery-whatsapp-2025-12-13-17-25-39-2",
      "url": "/gallery/whatsapp-2025-12-13-17-25-39-2.jpg",
      "alt": "WhatsApp Image 2025-12-13 17:25:39 (2)",
      "category": "gallery",
      "uploadedAt": "2025-12-13T00:00:00.000Z"
    },
    {
      "id": "local-gallery-whatsapp-2025-12-13-17-25-39",
      "url": "/gallery/whatsapp-2025-12-13-17-25-39.jpg",
      "alt": "WhatsApp Image 2025-12-13 17:25:39",
      "category": "gallery",
      "uploadedAt": "2025-12-13T00:00:00.000Z"
    },
    {
      "id": "local-gallery-whatsapp-2025-12-13-17-25-42",
      "url": "/gallery/whatsapp-2025-12-13-17-25-42.jpg",
      "alt": "WhatsApp Image 2025-12-13 17:25:42",
      "category": "gallery",
      "uploadedAt": "2025-12-13T00:00:00.000Z"
    },
    {
      "id": "local-gallery-whatsapp-2025-12-13-17-25-43-1",
      "url": "/gallery/whatsapp-2025-12-13-17-25-43-1.jpg",
      "alt": "WhatsApp Image 2025-12-13 17:25:43 (1)",
      "category": "gallery",
      "uploadedAt": "2025-12-13T00:00:00.000Z"
    },
    {
      "id": "local-gallery-whatsapp-2025-12-13-17-25-43",
      "url": "/gallery/whatsapp-2025-12-13-17-25-43.jpg",
      "alt": "WhatsApp Image 2025-12-13 17:25:43",
      "category": "gallery",
      "uploadedAt": "2025-12-13T00:00:00.000Z"
    },
    {
      "id": "local-gallery-whatsapp-2025-12-13-18-29-26",
      "url": "/gallery/whatsapp-2025-12-13-18-29-26.jpg",
      "alt": "WhatsApp Image 2025-12-13 18:29:26",
      "category": "gallery",
      "uploadedAt": "2025-12-13T00:00:00.000Z"
    },
    {
      "id": "local-gallery-whatsapp-2025-12-16-22-26-44",
      "url": "/gallery/whatsapp-2025-12-16-22-26-44-gallery.jpeg",
      "alt": "WhatsApp Image 2025-12-16 22:26:44",
      "category": "gallery",
      "uploadedAt": "2025-12-16T00:00:00.000Z"
    },
    {
      "id": "local-gallery-whatsapp-2025-12-16-22-26-44-1",
      "url": "/gallery/whatsapp-2025-12-16-22-26-44-1-gallery.jpeg",
      "alt": "WhatsApp Image 2025-12-16 22:26:44 (1)",
      "category": "gallery",
      "uploadedAt": "2025-12-16T00:00:00.000Z"
    },
    {
      "id": "local-gallery-whatsapp-2025-12-16-21-36-09",
      "url": "/gallery/whatsapp-2025-12-16-21-36-09-gallery.jpeg",
      "alt": "WhatsApp Image 2025-12-16 21:36:09",
      "category": "gallery",
      "uploadedAt": "2025-12-16T00:00:00.000Z"
    },
    {
      "id": "local-gallery-whatsapp-2025-12-16-21-36-09-1",
      "url": "/gallery/whatsapp-2025-12-16-21-36-09-1-gallery.jpeg",
      "alt": "WhatsApp Image 2025-12-16 21:36:09 (1)",
      "category": "gallery",
      "uploadedAt": "2025-12-16T00:00:00.000Z"
    },
    {
      "id": "local-gallery-whatsapp-2025-12-16-21-36-09-2",
      "url": "/gallery/whatsapp-2025-12-16-21-36-09-2-gallery.jpeg",
      "alt": "WhatsApp Image 2025-12-16 21:36:09 (2)",
      "category": "gallery",
      "uploadedAt": "2025-12-16T00:00:00.000Z"
    },
    {
      "id": "local-gallery-whatsapp-2025-12-16-21-36-09-3",
      "url": "/gallery/whatsapp-2025-12-16-21-36-09-3-gallery.jpeg",
      "alt": "WhatsApp Image 2025-12-16 21:36:09 (3)",
      "category": "gallery",
      "uploadedAt": "2025-12-16T00:00:00.000Z"
    },
    {
      "id": "local-gallery-whatsapp-2025-12-17-06-29-40-1",
      "url": "/gallery/whatsapp-2025-12-17-06-29-40-1-gallery.jpeg",
      "alt": "WhatsApp Image 2025-12-17 06:29:40 (1)",
      "category": "gallery",
      "uploadedAt": "2025-12-17T00:00:00.000Z"
    },
    {
      "id": "local-gallery-whatsapp-2025-12-17-06-29-40-2",
      "url": "/gallery/whatsapp-2025-12-17-06-29-40-2-gallery.jpeg",
      "alt": "WhatsApp Image 2025-12-17 06:29:40 (2)",
      "category": "gallery",
      "uploadedAt": "2025-12-17T00:00:00.000Z"
    },
    {
      "id": "local-gallery-whatsapp-2025-12-17-06-29-40-3",
      "url": "/gallery/whatsapp-2025-12-17-06-29-40-3-gallery.jpeg",
      "alt": "WhatsApp Image 2025-12-17 06:29:40 (3)",
      "category": "gallery",
      "uploadedAt": "2025-12-17T00:00:00.000Z"
    },
    {
      "id": "local-gallery-whatsapp-2025-12-17-06-29-40",
      "url": "/gallery/whatsapp-2025-12-17-06-29-40-gallery.jpeg",
      "alt": "WhatsApp Image 2025-12-17 06:29:40",
      "category": "gallery",
      "uploadedAt": "2025-12-17T00:00:00.000Z"
    },
    {
      "id": "local-gallery-whatsapp-2025-12-17-06-29-41-1",
      "url": "/gallery/whatsapp-2025-12-17-06-29-41-1-gallery.jpeg",
      "alt": "WhatsApp Image 2025-12-17 06:29:41 (1)",
      "category": "gallery",
      "uploadedAt": "2025-12-17T00:00:00.000Z"
    },
    {
      "id": "local-gallery-whatsapp-2025-12-17-06-29-41",
      "url": "/gallery/whatsapp-2025-12-17-06-29-41-gallery.jpeg",
      "alt": "WhatsApp Image 2025-12-17 06:29:41",
      "category": "gallery",
      "uploadedAt": "2025-12-17T00:00:00.000Z"
    }
  ],
  "siteImages": {
    "heroHome": "/images/hero-default.jpg",
    "aboutHero": "/images/about-hero-default.jpg",
    "galleryHero": "/images/gallery-hero-default.jpg",
    "galleryFeatured1": "/images/gallery-featured1-default.jpg",
    "blogHero": "/images/blog-hero-default.jpg",
    "donateHero": "/images/donate-hero-default.jpg",
    "donateImpact": "/images/donate-impact-default.jpg"
  },
  "impactImages": [
    {
      "id": "local-impact-images/1",
      "url": "/impact-images/1.jpg",
      "alt": "Impact Image",
      "uploadedAt": "2025-10-26T18:07:28.839Z"
    },
    {
      "id": "mills-star-foundation/impact-images/m90tnfs8juvx0rtiqcql",
      "url": "https://res.cloudinary.com/ddey2siz7/image/upload/v1761471720/mills-star-foundation/impact-images/m90tnfs8juvx0rtiqcql.png",
      "alt": "Impact Image",
      "uploadedAt": "2025-10-26T18:07:28.839Z"
    },
    {
      "id": "mills-star-foundation/impact-images/mzlz9bglulsttlyxgpmm",
      "url": "https://res.cloudinary.com/ddey2siz7/image/upload/v1761498988/mills-star-foundation/impact-images/mzlz9bglulsttlyxgpmm.jpg",
      "alt": "Impact Image",
      "uploadedAt": "2025-10-26T18:07:28.839Z"
    },
    {
      "id": "mills-star-foundation/impact-images/gjl9khd9kbgekfyy1jrx",
      "url": "https://res.cloudinary.com/ddey2siz7/image/upload/v1761472006/mills-star-foundation/impact-images/gjl9khd9kbgekfyy1jrx.png",
      "alt": "Impact Image",
      "uploadedAt": "2025-10-26T18:07:28.839Z"
    },
    {
      "id": "mills-star-foundation/impact-images/mettlzavq4aao1rwwfr0",
      "url": "https://res.cloudinary.com/ddey2siz7/image/upload/v1761472173/mills-star-foundation/impact-images/mettlzavq4aao1rwwfr0.png",
      "alt": "Impact Image",
      "uploadedAt": "2025-10-26T18:07:28.839Z"
    },
    {
      "id": "mills-star-foundation/impact-images/qorhgzau2f3ugtx0yf2s",
      "url": "https://res.cloudinary.com/ddey2siz7/image/upload/v1761472250/mills-star-foundation/impact-images/qorhgzau2f3ugtx0yf2s.png",
      "alt": "Impact Image",
      "uploadedAt": "2025-10-26T18:07:28.839Z"
    }
  ],
  "blogPosts": [
    {
      "id": "blog-1761472893238",
      "title": "National Wheelchair Tennis Championship Held in Lagos",
      "excerpt": "Mr Francis Bakre Mills, Founder of MILLS STAR FOUNDATION, congratulating the champion and winner of the National Wheelchair Tennis Championship.",
      "content": "The National Wheelchair Tennis Championship held in Lagos was a tremendous success. Mr. Francis Bakre Mills, Founder of MILLS STAR FOUNDATION, had the honor of congratulating the champion and presenting the trophy. This tournament showcased the incredible talent and determination of wheelchair tennis athletes across Nigeria.",
      "author": "Mills Star Foundation",
      "date": "October 26, 2025",
      "imageUrl": "/blog-images/wheelchair-tennis-lagos.jpg"
    },
    {
      "id": "blog-1",
      "title": "Wheelchair Basketball Tournament 2024: Celebrating Athletic Excellence",
      "excerpt": "Our annual wheelchair basketball tournament brought together athletes from across Nigeria and Ghana, showcasing incredible talent and determination.",
      "content": "Our annual wheelchair basketball tournament brought together athletes from across Nigeria and Ghana, showcasing incredible talent and determination. The event featured teams from multiple countries competing in a spirit of sportsmanship and excellence. Young athletes demonstrated exceptional skills, teamwork, and the true spirit of adaptive sports.",
      "author": "Mills Star Foundation",
      "date": "October 5, 2024",
      "imageUrl": "/blog-images/wheelchair-basketball.jpg"
    },
    {
      "id": "blog-5",
      "title": "Health and Hygiene Education: Making a Lasting Impact in Ghana",
      "excerpt": "Our health and hygiene education program in Ghana provides essential knowledge and supplies to help communities maintain wellness.",
      "content": "Our health and hygiene education program in Ghana has been making a significant impact. We provide essential knowledge, hygiene supplies, and education to communities across Ghana. This initiative includes distributing hygiene kits, teaching proper sanitation practices, and empowering individuals with the knowledge they need to maintain good health. We believe that health education is fundamental to creating sustainable change and improving quality of life.",
      "author": "Mills Star Foundation",
      "date": "June 12, 2024",
      "imageUrl": "/blog-images/health-education-ghana.jpg"
    },
    {
      "id": "blog-6",
      "title": "Wheelchair Tennis Championship: Rising Stars at African Para Games Accra 2023",
      "excerpt": "Athletes demonstrated remarkable skill and sportsmanship at the African Para Games wheelchair tennis championship in Accra.",
      "content": "The African Para Games wheelchair tennis championship held in Accra 2023 was an inspiring showcase of athletic excellence. Young athletes demonstrated remarkable skill, determination, and sportsmanship throughout the tournament. The event brought together the best wheelchair tennis players from across Africa, creating an atmosphere of competition and camaraderie that inspired everyone in attendance. These athletes continue to break barriers and redefine what's possible in adaptive sports.",
      "author": "Mills Star Foundation",
      "date": "May 3, 2024",
      "imageUrl": "/blog-images/wheelchair-tennis-accra.jpg"
    },
    {
      "id": "blog-houston-metal-muscle-2025",
      "title": "Houston Parks and Recreational Metal and Muscle Wheelchair Ruby Clinic 2025",
      "excerpt": "Attended the Houston Parks and Recreational Metal and Muscle wheelchair Ruby Clinic 2025. A 3 days Convention.",
      "content": "Attended the Houston Parks and Recreational Metal and Muscle wheelchair Ruby Clinic 2025. A 3 days Convention.",
      "author": "Mills Star Foundation",
      "date": "December 13, 2025",
      "imageUrl": "/events/whatsapp-2025-12-13-at-17-25-32.jpeg"
    }
  ],
  "heroSlides": [
    "/hero-slides/wheelchair-tennis-guy.jpg",
    "/hero-slides/wheelchair-tennis-accra.jpg",
    "/hero-slides/wheelchair-table-tennis.jpg",
    "/hero-slides/wheelchair-basketball.jpg",
    "/hero-slides/whatsapp-2025-12-13-17-25-38-1.jpeg",
    "/hero-slides/whatsapp-2025-12-16-21-36-09-1.jpeg",
    "/hero-slides/whatsapp-2025-12-16-21-36-09-2.jpeg",
    "/hero-slides/whatsapp-2025-12-16-21-36-09-3.jpeg",
    "/hero-slides/whatsapp-2025-12-16-21-36-09.jpeg",
    "/hero-slides/whatsapp-2025-12-16-22-26-44-1.jpeg",
    "/hero-slides/whatsapp-2025-12-16-22-26-44.jpeg",
    "/hero-slides/whatsapp-2025-12-17-06-05-38-1.jpeg",
    "/hero-slides/whatsapp-2025-12-17-06-05-38-2.jpeg",
    "/hero-slides/whatsapp-2025-12-17-06-05-38.jpeg",
    "/hero-slides/whatsapp-2025-12-17-07-12-01-4-new.jpeg"
  ],
  "lastUpdated": "2025-11-01T22:48:10.798Z"
}
